Init Bwd Win Byts,Fwd Pkt Len Max,Bwd IAT Min,Fwd IAT Min,Subflow Fwd Byts,TotLen Fwd Pkts,Fwd Pkt Len Min,Bwd Blk Rate Avg,Pkt Size Avg,Down/Up Ratio,predicted_label
0.004058838,0.0007042253,0.0003955251,0.32885358,9.0615e-06,9.0615e-06,0.0,0.0,0.0076,0.2857143,1
0.004058838,0.0007042253,0.0003490057,0.32743463,9.0615e-06,9.0615e-06,0.0,0.0,0.0076,0.2857143,1
0.0043640137,0.0007042253,0.00041172974,0.3358333,9.0615e-06,9.0615e-06,0.0,0.0,0.0076,0.2857143,1
0.004058838,0.0007042253,0.0003793646,0.3298945,9.0615e-06,9.0615e-06,0.0,0.0,0.0076,0.2857143,1
0.004180908,0.0007042253,0.00035057106,0.32883447,1.8123e-05,1.8123e-05,0.0,0.0,0.005775,0.14285715,1
0.0,0.024647888,0.00021711992,0.5004742,0.00061618205,0.00061618205,0.0264,0.0,0.0391,0.2857143,1
